feature,importance
spo2_min_pct,0.41075915422360265
spo2_mean_pct,0.17258088221273207
spo2_max_pct,0.12315438848514536
rr_std_ms,0.08417809130374818
rr_max_ms,0.040943272970990124
hr_mean_1m,0.03728816469719889
rr_min_ms,0.03514491724533596
spo2_diff_1m,0.028550641247168645
hr_rise_from_baseline,0.02800294821364266
spo2_drop_from_baseline,0.02657244242074803
hr_diff_1m,0.012825096979687402
