feature,importance
spo2_min_pct,0.4267769496865003
spo2_mean_pct,0.19047009850834967
spo2_max_pct,0.11190295021402645
rr_std_ms,0.0716881536218853
rr_max_ms,0.038467817080508594
hr_mean_1m,0.03487975531528277
rr_min_ms,0.03449841114653851
spo2_diff_1m,0.02901618086963636
hr_rise_from_baseline,0.025005017757389957
spo2_drop_from_baseline,0.024960415081829047
hr_diff_1m,0.012334250718053026
