feature,importance
spo2_min_pct,0.48389295835589685
spo2_mean_pct,0.19765348577651812
spo2_max_pct,0.11829299941095259
rr_std_ms,0.09010057742985743
spo2_diff_1m,0.02755220701301577
rr_max_ms,0.023291684685026164
rr_min_ms,0.017548750616982696
spo2_drop_from_baseline,0.016544658133934933
hr_mean_1m,0.015507125793065308
hr_rise_from_baseline,0.008563001483692732
hr_diff_1m,0.0010525513010573389
