feature,importance
spo2_min_pct,0.29610068148585694
spo2_mean_pct,0.15578850769555072
spo2_max_pct,0.1009870078822535
rr_std_ms,0.090864164605937
hr_mean_1m,0.0597356990820537
rr_max_ms,0.055958989200386874
hr_rise_from_baseline,0.05175317536094587
rr_min_ms,0.051111847199101126
spo2_drop_from_baseline,0.04943876281263832
spo2_diff_1m,0.04879001102623183
hr_diff_1m,0.03947115364904433
